,rmse,mae,r2
LinearRegression,27433.961756231765,121.74087714725654,0.43567258143642273
RandomForest,5105.233869483346,46.92695435366321,0.8949833248172973
GradientBoosting,7727.418810234296,59.48134580803882,0.8410439458913158
